conjecture,run,T,c,s,mean_tau_counterfactual,sd_tau_counterfactual,frac_action1_counterfactual,n_actual_context,mean_tau_actual,sd_tau_actual,frac_action1_actual,obs_count,obs_freq,frac_action1_observed,regret_always1_observed,regret_always0_observed
conj1,0,1,0,0,0.350615,0.973685,0.57,58,0.47768,0.939235,0.603448,29,0.29,0.62069,0.145864,0.729617
conj1,0,1,0,1,0.627826,1.37415,0.67,58,0.783551,1.37452,0.706897,29,0.29,0.655172,0.239909,0.956856
conj1,0,1,1,0,0.378741,1.40792,0.61,42,0.168133,1.39651,0.571429,20,0.2,0.55,0.560387,0.549566
conj1,0,1,1,1,0.655951,1.75807,0.59,42,0.405764,1.69516,0.547619,22,0.22,0.590909,0.532926,1.105
conj1,1,1,0,0,0.488031,1.07466,0.65,48,0.454581,1.07404,0.6875,22,0.22,0.727273,0.165604,0.715606
conj1,1,1,0,1,0.848251,1.45607,0.75,48,0.875719,1.55866,0.791667,26,0.26,0.846154,0.257936,1.18342
conj1,1,1,1,0,0.650978,1.4534,0.71,52,0.825952,1.47819,0.730769,19,0.19,0.736842,0.372767,0.925118
conj1,1,1,1,1,1.0112,1.74959,0.74,52,1.12994,1.6688,0.75,33,0.33,0.818182,0.221135,1.50707
conj1,2,1,0,0,0.551576,1.07216,0.68,43,0.608377,1.23839,0.627907,25,0.25,0.48,0.355159,0.745836
conj1,2,1,0,1,0.871289,1.46144,0.7,43,0.909474,1.60756,0.697674,18,0.18,0.888889,0.0694597,1.47076
conj1,2,1,1,0,0.743598,1.35,0.71,57,0.770834,1.26501,0.754386,28,0.28,0.714286,0.303113,1.09163
conj1,2,1,1,1,1.06331,1.6625,0.74,57,1.10459,1.60307,0.754386,29,0.29,0.689655,0.326088,1.23651
conj1,3,1,0,0,0.35079,1.09058,0.58,51,0.447651,1.07624,0.607843,24,0.24,0.583333,0.202263,0.665223
conj1,3,1,0,1,0.466969,1.50033,0.56,51,0.597078,1.4508,0.607843,27,0.27,0.592593,0.413993,0.980962
conj1,3,1,1,0,0.724947,1.55208,0.67,49,0.770277,1.56631,0.653061,32,0.32,0.65625,0.308197,1.25189
conj1,3,1,1,1,0.841126,1.891,0.67,49,0.851851,1.90777,0.632653,17,0.17,0.705882,0.430556,1.01037
conj1,4,1,0,0,0.319085,1.03723,0.61,44,0.372718,1.11826,0.613636,23,0.23,0.652174,0.285845,0.717654
conj1,4,1,0,1,0.627068,1.36241,0.64,44,0.474499,1.51772,0.636364,21,0.21,0.571429,0.446323,0.913706
conj1,4,1,1,0,0.415628,1.39931,0.6,56,0.223033,1.34058,0.535714,31,0.31,0.548387,0.470664,0.714514
conj1,4,1,1,1,0.723612,1.60801,0.67,56,0.693033,1.47832,0.678571,25,0.25,0.68,0.183788,0.875088
conj1,5,1,0,0,0.265121,0.951037,0.58,49,0.262327,0.934184,0.55102,25,0.25,0.56,0.32443,0.480097
conj1,5,1,0,1,0.300164,1.34912,0.55,49,0.176098,1.22948,0.530612,24,0.24,0.583333,0.454719,0.834656
conj1,5,1,1,0,0.371537,1.29725,0.59,51,0.564324,1.44625,0.607843,23,0.23,0.782609,0.100251,1.19043
conj1,5,1,1,1,0.40658,1.69209,0.58,51,0.715885,1.7781,0.627451,28,0.28,0.535714,0.624466,0.803317
conj1,6,1,0,0,0.267114,1.03614,0.58,51,0.174613,1.0341,0.509804,18,0.18,0.5,0.363497,0.554219
conj1,6,1,0,1,0.366586,1.27342,0.58,51,0.279392,1.26722,0.54902,33,0.33,0.545455,0.410558,0.684442
conj1,6,1,1,0,0.37012,1.27431,0.65,49,0.458082,1.42289,0.673469,22,0.22,0.727273,0.28357,0.988137
conj1,6,1,1,1,0.469591,1.42263,0.6,49,0.552028,1.43678,0.632653,27,0.27,0.518519,0.518226,0.738139
conj1,7,1,0,0,0.460193,1.0215,0.63,50,0.461681,1.09513,0.58,23,0.23,0.565217,0.250485,0.661311
conj1,7,1,0,1,0.614196,1.39276,0.67,50,0.505732,1.2866,0.64,27,0.27,0.703704,0.248394,0.833799
conj1,7,1,1,0,0.636767,1.50977,0.68,50,0.710489,1.63396,0.72,23,0.23,0.826087,0.147756,1.2502
conj1,7,1,1,1,0.790769,1.81171,0.63,50,0.974444,2.01318,0.7,27,0.27,0.62963,0.667218,1.2214
conj1,8,1,0,0,0.446041,0.975353,0.67,44,0.313432,0.955584,0.636364,18,0.18,0.777778,0.175768,0.676848
conj1,8,1,0,1,0.629768,1.42784,0.62,44,0.360522,1.30068,0.568182,26,0.26,0.576923,0.345761,0.575492
conj1,8,1,1,0,0.710309,1.512,0.64,56,0.792523,1.57785,0.678571,26,0.26,0.653846,0.307156,0.973053
conj1,8,1,1,1,0.894036,1.86339,0.65,56,1.08361,1.97236,0.660714,30,0.3,0.733333,0.255783,1.68436
conj1,9,1,0,0,0.380942,1.05534,0.64,46,0.230409,1.02152,0.521739,26,0.26,0.461538,0.346453,0.421481
conj1,9,1,0,1,0.683807,1.49836,0.68,46,0.548728,1.50721,0.673913,20,0.2,0.65,0.453802,1.02207
conj1,9,1,1,0,0.658419,1.47621,0.69,54,0.749642,1.47296,0.703704,24,0.24,0.583333,0.412314,1.03145
conj1,9,1,1,1,0.961284,1.77754,0.72,54,1.03934,1.76665,0.722222,30,0.3,0.766667,0.166286,1.29366
conj1,10,1,0,0,0.376452,0.965274,0.66,49,0.376896,0.929733,0.693878,19,0.19,0.526316,0.236133,0.451741
conj1,10,1,0,1,0.832563,1.31308,0.76,49,0.810413,1.18888,0.734694,30,0.3,0.766667,0.0802816,1.10084
conj1,10,1,1,0,0.609962,1.40696,0.7,51,0.494049,1.42547,0.705882,26,0.26,0.692308,0.50163,0.864797
conj1,10,1,1,1,1.06607,1.79875,0.75,51,0.971869,1.86815,0.705882,25,0.25,0.68,0.390334,1.38561
conj1,11,1,0,0,0.245887,1.11671,0.59,53,0.479635,1.1706,0.735849,28,0.28,0.785714,0.0583611,0.580366
conj1,11,1,0,1,0.482118,1.56907,0.67,53,0.895958,1.53265,0.754717,25,0.25,0.72,0.383064,1.42801
conj1,11,1,1,0,0.302848,1.41967,0.58,47,0.174617,1.31907,0.574468,24,0.24,0.541667,0.508273,0.588617
conj1,11,1,1,1,0.539079,1.74915,0.63,47,0.207767,1.83404,0.553191,23,0.23,0.521739,0.704954,0.725167
conj1,12,1,0,0,0.415393,1.10459,0.59,44,0.652145,1.10161,0.75,28,0.28,0.785714,0.19358,0.832291
conj1,12,1,0,1,0.59899,1.47656,0.66,44,0.87058,1.39131,0.727273,16,0.16,0.75,0.174727,1.22589
conj1,12,1,1,0,0.386611,1.53164,0.61,56,0.282395,1.56237,0.571429,29,0.29,0.655172,0.370407,0.798822
conj1,12,1,1,1,0.570209,1.84924,0.62,56,0.438621,1.90441,0.607143,27,0.27,0.518519,0.626696,0.999019
conj1,13,1,0,0,0.422975,1.03688,0.68,55,0.352319,1.13697,0.618182,30,0.3,0.6,0.321742,0.722747
conj1,13,1,0,1,0.664879,1.42775,0.69,55,0.492865,1.52842,0.636364,25,0.25,0.64,0.324242,0.864937
conj1,13,1,1,0,0.653687,1.42946,0.65,45,0.574531,1.27704,0.622222,23,0.23,0.652174,0.160636,0.724074
conj1,13,1,1,1,0.895591,1.66854,0.7,45,0.940318,1.44868,0.688889,22,0.22,0.727273,0.194311,1.4124
conj1,14,1,0,0,0.314516,1.0376,0.63,49,0.216003,0.981864,0.591837,22,0.22,0.590909,0.330411,0.334701
conj1,14,1,0,1,0.437802,1.39835,0.6,49,0.418165,1.22995,0.612245,27,0.27,0.666667,0.296572,0.927843
conj1,14,1,1,0,0.41276,1.42699,0.6,51,0.513037,1.39455,0.607843,23,0.23,0.695652,0.198424,1.02012
conj1,14,1,1,1,0.536046,1.71162,0.63,51,0.560539,1.73582,0.607843,28,0.28,0.571429,0.62876,0.908514
conj1,15,1,0,0,0.413758,1.05255,0.63,46,0.398177,1.14222,0.608696,23,0.23,0.608696,0.19075,0.808457
conj1,15,1,0,1,0.75605,1.52126,0.74,46,0.828006,1.47557,0.782609,23,0.23,0.73913,0.324629,0.8339
conj1,15,1,1,0,0.758531,1.45306,0.71,54,0.935291,1.35439,0.777778,28,0.28,0.785714,0.165262,1.29898
conj1,15,1,1,1,1.10082,1.78555,0.76,54,1.20302,1.88185,0.777778,26,0.26,0.769231,0.218543,1.26829
conj1,16,1,0,0,0.407576,1.00526,0.68,50,0.424511,1.00524,0.66,21,0.21,0.714286,0.230137,0.615687
conj1,16,1,0,1,0.634454,1.28166,0.69,50,0.808793,1.30606,0.76,29,0.29,0.689655,0.238551,1.08937
conj1,16,1,1,0,0.483612,1.4276,0.61,50,0.502172,1.5708,0.54,25,0.25,0.56,0.364127,0.962053
conj1,16,1,1,1,0.710489,1.63552,0.7,50,0.571645,1.73775,0.64,25,0.25,0.64,0.453358,0.849223
conj1,17,1,0,0,0.411153,1.11847,0.65,59,0.385834,1.14029,0.661017,31,0.31,0.677419,0.293514,0.538407
conj1,17,1,0,1,0.531079,1.46904,0.68,59,0.526922,1.44397,0.677966,28,0.28,0.75,0.216198,1.10506
conj1,17,1,1,0,0.691736,1.52974,0.69,41,0.573517,1.42455,0.682927,22,0.22,0.545455,0.522685,0.81855
conj1,17,1,1,1,0.811662,1.77554,0.65,41,0.662991,1.81241,0.634146,19,0.19,0.736842,0.246845,1.29782
conj1,18,1,0,0,0.506467,0.91061,0.7,49,0.451029,0.984375,0.673469,21,0.21,0.809524,0.0831225,0.644491
conj1,18,1,0,1,0.662479,1.29289,0.65,49,0.602521,1.25951,0.693878,28,0.28,0.678571,0.30495,0.779652
conj1,18,1,1,0,0.630224,1.41335,0.7,51,0.642894,1.48019,0.686275,23,0.23,0.695652,0.148143,0.833461
conj1,18,1,1,1,0.786237,1.7324,0.67,51,0.80325,1.98671,0.666667,28,0.28,0.714286,0.507974,1.45107
conj1,19,1,0,0,0.350927,1.00656,0.59,52,0.30657,1.08149,0.538462,27,0.27,0.62963,0.17002,0.529425
conj1,19,1,0,1,0.567012,1.47605,0.68,52,0.454245,1.50643,0.615385,25,0.25,0.6,0.371752,0.80005
conj1,19,1,1,0,0.588556,1.36827,0.65,48,0.49221,1.3903,0.625,22,0.22,0.636364,0.411319,0.815959
conj1,19,1,1,1,0.804641,1.70022,0.69,48,0.782406,1.66715,0.666667,26,0.26,0.692308,0.258914,1.23431
conj1,0,11,0,0,0.444045,1.00436,0.67,51,0.256714,0.857094,0.647059,282,0.256364,0.656028,0.205339,0.481953
conj1,0,11,0,1,0.71638,1.36786,0.7,51,0.667511,1.29269,0.764706,279,0.253636,0.741935,0.324703,0.916317
conj1,0,11,1,0,0.758779,1.28443,0.72,49,0.987456,1.32527,0.755102,265,0.240909,0.766038,0.157591,1.11572
conj1,0,11,1,1,1.03111,1.52391,0.73,49,1.11568,1.55021,0.755102,274,0.249091,0.748175,0.257958,1.32004
conj1,1,11,0,0,0.522152,1.02255,0.69,50,0.541419,1.01038,0.68,297,0.27,0.700337,0.166495,0.765318
conj1,1,11,0,1,0.767193,1.43312,0.68,50,0.820167,1.45904,0.62,253,0.23,0.596838,0.2658,0.921382
conj1,1,11,1,0,0.556688,1.56568,0.65,50,0.606234,1.52515,0.68,280,0.254545,0.642857,0.357598,0.815477
conj1,1,11,1,1,0.801729,1.81824,0.65,50,0.817568,1.74768,0.68,270,0.245455,0.725926,0.372388,1.28225
conj1,2,11,0,0,0.351691,0.929754,0.69,46,0.358819,1.03641,0.717391,252,0.229091,0.686508,0.288317,0.627349
conj1,2,11,0,1,0.80077,1.39117,0.77,46,1.05969,1.48532,0.804348,254,0.230909,0.80315,0.228677,1.30565
conj1,2,11,1,0,0.651634,1.38915,0.74,54,0.562431,1.44882,0.740741,329,0.299091,0.720365,0.33666,0.868054
conj1,2,11,1,1,1.10071,1.79974,0.77,54,0.797023,1.77087,0.703704,265,0.240909,0.735849,0.343821,1.20376
conj1,3,11,0,0,0.35269,1.08987,0.65,40,0.533009,1.10627,0.7,221,0.200909,0.683258,0.262928,0.718555
conj1,3,11,0,1,0.678183,1.48061,0.67,40,0.824296,1.66897,0.625,219,0.199091,0.675799,0.285282,1.297
conj1,3,11,1,0,0.640202,1.45812,0.7,60,0.467513,1.48942,0.666667,321,0.291818,0.691589,0.351923,0.887947
conj1,3,11,1,1,0.965694,1.80749,0.64,60,0.81581,1.71657,0.633333,339,0.308182,0.60767,0.418234,1.15795
conj1,4,11,0,0,0.532515,0.901522,0.71,51,0.476387,0.920614,0.686275,301,0.273636,0.671096,0.185252,0.631226
conj1,4,11,0,1,0.616046,1.24864,0.7,51,0.468256,1.33599,0.627451,260,0.236364,0.626923,0.352911,0.813106
conj1,4,11,1,0,0.773622,1.33208,0.7,49,0.724735,1.30198,0.653061,276,0.250909,0.688406,0.236014,1.07152
conj1,4,11,1,1,0.857152,1.63725,0.72,49,0.903668,1.55985,0.734694,263,0.239091,0.692015,0.277388,1.06845
conj1,5,11,0,0,0.325274,0.961908,0.6,56,0.367865,0.906464,0.589286,303,0.275455,0.574257,0.217744,0.564662
conj1,5,11,0,1,0.590797,1.30501,0.66,56,0.533054,1.28305,0.625,313,0.284545,0.616613,0.297317,0.78972
conj1,5,11,1,0,0.498062,1.34571,0.64,44,0.472412,1.28548,0.636364,235,0.213636,0.608511,0.351305,0.792416
conj1,5,11,1,1,0.763585,1.57199,0.72,44,0.865633,1.49622,0.75,249,0.226364,0.751004,0.295279,1.23446
conj1,6,11,0,0,0.466788,1.02029,0.66,37,0.362796,0.993334,0.594595,207,0.188182,0.603865,0.225124,0.524658
conj1,6,11,0,1,0.663326,1.56662,0.64,37,0.499083,1.68073,0.594595,200,0.181818,0.62,0.464117,1.08472
conj1,6,11,1,0,0.533883,1.38563,0.68,63,0.601825,1.44212,0.730159,362,0.329091,0.712707,0.319955,0.840398
conj1,6,11,1,1,0.730421,1.66352,0.68,63,0.833749,1.71055,0.698413,331,0.300909,0.70997,0.279523,1.19609
conj1,7,11,0,0,0.373589,1.05678,0.63,54,0.402492,1.12551,0.592593,287,0.260909,0.599303,0.253433,0.675579
conj1,7,11,0,1,0.591738,1.51189,0.66,54,0.620309,1.48299,0.666667,307,0.279091,0.641694,0.336828,0.912841
conj1,7,11,1,0,0.40273,1.55963,0.61,46,0.379875,1.46615,0.652174,263,0.239091,0.673004,0.398822,0.785143
conj1,7,11,1,1,0.620879,1.92384,0.68,46,0.598412,1.97015,0.652174,243,0.220909,0.633745,0.530169,1.18257
conj1,8,11,0,0,0.41135,0.963487,0.68,48,0.446562,0.976102,0.666667,287,0.260909,0.658537,0.221682,0.632625
conj1,8,11,0,1,0.594036,1.38516,0.67,48,0.527997,1.4404,0.666667,241,0.219091,0.676349,0.334935,0.903615
conj1,8,11,1,0,0.588218,1.39861,0.66,52,0.552133,1.62792,0.596154,279,0.253636,0.620072,0.395468,0.985875
conj1,8,11,1,1,0.770904,1.77659,0.64,52,0.828282,1.96464,0.634615,293,0.266364,0.614334,0.392164,1.21766
conj1,9,11,0,0,0.434966,1.02697,0.65,63,0.412754,1.11306,0.650794,346,0.314545,0.67341,0.260003,0.723727
conj1,9,11,0,1,0.598525,1.57453,0.69,63,0.549749,1.58975,0.68254,347,0.315455,0.67147,0.4271,0.923227
conj1,9,11,1,0,0.6067,1.4172,0.73,37,0.774341,1.2638,0.783784,206,0.187273,0.747573,0.261105,0.980416
conj1,9,11,1,1,0.770259,1.90771,0.66,37,0.983132,1.77741,0.72973,201,0.182727,0.751244,0.297742,1.35339
conj1,10,11,0,0,0.376966,0.968071,0.64,53,0.261416,0.934681,0.603774,310,0.281818,0.587097,0.325368,0.498516
conj1,10,11,0,1,0.56632,1.42949,0.65,53,0.490194,1.44064,0.622642,273,0.248182,0.655678,0.314397,0.921787
conj1,10,11,1,0,0.649523,1.35459,0.69,47,0.567771,1.34569,0.680851,266,0.241818,0.684211,0.284301,0.796237
conj1,10,11,1,1,0.838877,1.69328,0.67,47,0.712668,1.59902,0.680851,251,0.228182,0.661355,0.33335,1.0555
conj1,11,11,0,0,0.334655,0.991865,0.66,50,0.349504,0.85763,0.7,280,0.254545,0.707143,0.162639,0.501728
conj1,11,11,0,1,0.617896,1.40348,0.68,50,0.633308,1.14825,0.68,270,0.245455,0.67037,0.223633,0.890584
conj1,11,11,1,0,0.409113,1.40803,0.61,50,0.420916,1.48759,0.56,272,0.247273,0.584559,0.347261,0.893272
conj1,11,11,1,1,0.692354,1.69397,0.67,50,0.703594,1.83919,0.66,278,0.252727,0.633094,0.493935,1.01843
conj1,12,11,0,0,0.416746,0.982979,0.62,49,0.534234,0.902257,0.734694,291,0.264545,0.735395,0.139216,0.709044
conj1,12,11,0,1,0.668739,1.44945,0.67,49,0.764779,1.4537,0.693878,248,0.225455,0.705645,0.293167,1.02682
conj1,12,11,1,0,0.614169,1.48524,0.65,51,0.541368,1.48634,0.627451,270,0.245455,0.633333,0.400501,0.932652
conj1,12,11,1,1,0.866162,1.8271,0.62,51,0.813969,1.88444,0.607843,291,0.264545,0.594502,0.424194,1.22389
conj1,13,11,0,0,0.397298,1.0416,0.62,47,0.536398,1.06723,0.638298,264,0.24,0.606061,0.239128,0.722697
conj1,13,11,0,1,0.667042,1.4836,0.7,47,0.983911,1.41176,0.787234,253,0.23,0.814229,0.203006,1.24368
conj1,13,11,1,0,0.668998,1.36976,0.73,53,0.539165,1.29958,0.698113,287,0.260909,0.710801,0.285555,0.839823
conj1,13,11,1,1,0.938742,1.74785,0.7,53,0.651265,1.77529,0.698113,296,0.269091,0.682432,0.416579,1.08103
conj1,14,11,0,0,0.351628,0.895649,0.66,61,0.310135,0.901408,0.688525,343,0.311818,0.664723,0.279278,0.539705
conj1,14,11,0,1,0.756829,1.40049,0.65,61,0.664006,1.42333,0.606557,328,0.298182,0.588415,0.314481,0.982706
conj1,14,11,1,0,0.535403,1.34598,0.67,39,0.534432,1.41967,0.692308,209,0.19,0.688995,0.371053,0.949291
conj1,14,11,1,1,0.940605,1.74404,0.74,39,1.01992,1.82932,0.794872,220,0.2,0.809091,0.317051,1.36185
conj1,15,11,0,0,0.47104,0.876803,0.63,48,0.562746,0.89804,0.625,263,0.239091,0.638783,0.124312,0.703591
conj1,15,11,0,1,0.718474,1.29833,0.67,48,0.759514,1.36132,0.666667,265,0.240909,0.641509,0.289902,0.951944
conj1,15,11,1,0,0.51273,1.3622,0.68,52,0.330146,1.17985,0.673077,280,0.254545,0.685714,0.355585,0.661747
conj1,15,11,1,1,0.760163,1.54682,0.68,52,0.624347,1.37468,0.673077,292,0.265455,0.684932,0.306868,0.925048
conj1,16,11,0,0,0.357651,0.981652,0.67,46,0.30477,1.03464,0.630435,252,0.229091,0.646825,0.252241,0.538341
conj1,16,11,0,1,0.595727,1.33598,0.62,46,0.439775,1.50286,0.586957,254,0.230909,0.566929,0.478472,0.862044
conj1,16,11,1,0,0.523055,1.58263,0.58,54,0.345525,1.52776,0.555556,286,0.26,0.587413,0.422146,0.845857
conj1,16,11,1,1,0.76113,1.80692,0.66,54,0.671401,1.72441,0.666667,308,0.28,0.652597,0.444424,1.02989
conj1,17,11,0,0,0.465016,0.982376,0.66,48,0.433101,0.96293,0.645833,265,0.240909,0.671698,0.207858,0.693766
conj1,17,11,0,1,0.524174,1.38413,0.68,48,0.504149,1.4039,0.645833,263,0.239091,0.60076,0.428812,0.840417
conj1,17,11,1,0,0.750643,1.46338,0.66,52,0.771048,1.36955,0.673077,296,0.269091,0.716216,0.190901,1.11802
conj1,17,11,1,1,0.809801,1.88147,0.62,52,0.819232,1.8491,0.615385,276,0.250909,0.576087,0.356993,0.985335
conj1,18,11,0,0,0.408661,0.990584,0.67,46,0.42944,1.03274,0.652174,251,0.228182,0.641434,0.2748,0.613548
conj1,18,11,0,1,0.598834,1.36254,0.59,46,0.715393,1.36478,0.608696,255,0.231818,0.670588,0.247614,1.13921
conj1,18,11,1,0,0.578887,1.46621,0.69,54,0.794317,1.46299,0.722222,305,0.277273,0.72459,0.283317,1.08996
conj1,18,11,1,1,0.76906,1.76973,0.63,54,0.902899,1.83094,0.648148,289,0.262727,0.66436,0.358014,1.26323
conj1,19,11,0,0,0.741651,1.10821,0.76,52,0.741352,1.11809,0.75,285,0.259091,0.785965,0.145,0.950227
conj1,19,11,0,1,0.799196,1.37443,0.71,52,1.03228,1.25285,0.788462,287,0.260909,0.759582,0.196548,1.1733
conj1,19,11,1,0,1.12047,1.46863,0.8,48,1.32269,1.38879,0.916667,269,0.244545,0.907063,0.122621,1.45071
conj1,19,11,1,1,1.17802,1.66787,0.76,48,1.12741,1.74066,0.729167,259,0.235455,0.752896,0.284598,1.38117
conj1,0,21,0,0,0.266768,0.95737,0.6,57,0.124024,0.996075,0.54386,579,0.275714,0.53886,0.342303,0.452426
conj1,0,21,0,1,0.559231,1.24909,0.64,57,0.313703,1.16201,0.54386,618,0.294286,0.540453,0.361517,0.655749
conj1,0,21,1,0,0.443773,1.41824,0.58,43,0.778304,1.38811,0.72093,449,0.21381,0.746102,0.222298,1.10671
conj1,0,21,1,1,0.736237,1.6984,0.65,43,1.20702,1.7698,0.744186,454,0.21619,0.718062,0.313798,1.38457
conj1,1,21,0,0,0.371271,1.05185,0.6,47,0.4143,0.854198,0.659574,492,0.234286,0.644309,0.187407,0.592133
conj1,1,21,0,1,0.690321,1.48274,0.67,47,0.80277,1.38731,0.680851,495,0.235714,0.678788,0.200398,1.02089
conj1,1,21,1,0,0.46479,1.20994,0.59,53,0.465388,1.18823,0.603774,584,0.278095,0.59589,0.271362,0.726345
conj1,1,21,1,1,0.78384,1.59781,0.65,53,0.722877,1.5285,0.679245,529,0.251905,0.676749,0.347796,1.06209
conj1,2,21,0,0,0.374226,1.02266,0.67,42,0.346706,1.07025,0.690476,442,0.210476,0.696833,0.256697,0.593093
conj1,2,21,0,1,0.672613,1.45664,0.66,42,0.612136,1.37349,0.642857,440,0.209524,0.625,0.333492,0.87607
conj1,2,21,1,0,0.478841,1.4539,0.66,58,0.495155,1.48909,0.655172,621,0.295714,0.657005,0.40564,0.886194
conj1,2,21,1,1,0.777228,1.84194,0.66,58,0.817407,2.04054,0.62069,597,0.284286,0.636516,0.405663,1.25258
conj1,3,21,0,0,0.554251,0.938632,0.74,47,0.473245,0.865499,0.702128,516,0.245714,0.71124,0.144809,0.64934
conj1,3,21,0,1,0.79173,1.2766,0.71,47,0.758326,1.15749,0.680851,471,0.224286,0.694268,0.160052,0.927157
conj1,3,21,1,0,0.850763,1.32206,0.76,53,1.0011,1.29184,0.811321,566,0.269524,0.805654,0.154023,1.17985
conj1,3,21,1,1,1.08824,1.63589,0.74,53,1.19637,1.67039,0.773585,547,0.260476,0.760512,0.218262,1.37696
conj1,4,21,0,0,0.520146,0.940905,0.68,61,0.459751,0.958416,0.655738,647,0.308095,0.638331,0.199799,0.639837
conj1,4,21,0,1,0.938159,1.46444,0.76,61,0.790052,1.60248,0.704918,634,0.301905,0.717666,0.301295,1.10299
conj1,4,21,1,0,0.679451,1.43375,0.61,39,0.624905,1.3594,0.615385,401,0.190952,0.620948,0.301387,0.984342
conj1,4,21,1,1,1.09746,1.82362,0.7,39,1.18011,1.68773,0.769231,418,0.199048,0.770335,0.19417,1.34243
conj1,5,21,0,0,0.474221,0.914763,0.72,51,0.589746,0.887108,0.72549,565,0.269048,0.734513,0.182323,0.797497
conj1,5,21,0,1,0.61515,1.29078,0.71,51,0.679991,1.29811,0.745098,506,0.240952,0.72332,0.314853,0.83045
conj1,5,21,1,0,0.634196,1.52246,0.66,49,0.503988,1.47131,0.632653,517,0.24619,0.646035,0.317742,0.836443
conj1,5,21,1,1,0.775124,1.82771,0.65,49,0.697667,1.80955,0.612245,512,0.24381,0.587891,0.412974,1.12544
conj1,6,21,0,0,0.495643,0.991681,0.69,53,0.546554,0.991159,0.698113,579,0.275714,0.687392,0.203129,0.717655
conj1,6,21,0,1,0.800598,1.37725,0.74,53,0.710391,1.42289,0.698113,534,0.254286,0.717228,0.240367,1.02141
conj1,6,21,1,0,0.687845,1.34371,0.69,47,0.703151,1.3663,0.680851,492,0.234286,0.680894,0.260164,0.922108
conj1,6,21,1,1,0.9928,1.63622,0.68,47,1.16724,1.6452,0.765957,495,0.235714,0.779798,0.201632,1.45138
conj1,7,21,0,0,0.342065,0.918491,0.64,46,0.433814,0.847394,0.717391,488,0.232381,0.704918,0.179625,0.61154
conj1,7,21,0,1,0.696962,1.30144,0.73,46,0.848129,1.30694,0.826087,478,0.227619,0.817992,0.202076,1.01403
conj1,7,21,1,0,0.660014,1.33733,0.69,54,0.685321,1.27646,0.666667,521,0.248095,0.65643,0.253361,0.930561
conj1,7,21,1,1,1.01491,1.65689,0.72,54,0.989603,1.54668,0.722222,613,0.291905,0.71615,0.19746,1.16458
conj1,8,21,0,0,0.280543,0.946001,0.64,43,0.293659,0.78809,0.697674,471,0.224286,0.694268,0.187562,0.469616
conj1,8,21,0,1,0.492783,1.28235,0.66,43,0.531863,1.0626,0.651163,432,0.205714,0.631944,0.192245,0.727715
conj1,8,21,1,0,0.368562,1.32418,0.59,57,0.396902,1.4868,0.561404,617,0.29381,0.547812,0.38361,0.801002
conj1,8,21,1,1,0.580802,1.62575,0.63,57,0.589556,1.70698,0.631579,580,0.27619,0.622414,0.462414,1.0367
conj1,9,21,0,0,0.446271,0.988741,0.65,49,0.401493,0.979327,0.632653,528,0.251429,0.628788,0.234536,0.627876
conj1,9,21,0,1,0.750461,1.30409,0.77,49,0.719185,1.23238,0.795918,501,0.238571,0.798403,0.205035,0.910737
conj1,9,21,1,0,0.637117,1.45772,0.66,51,0.72312,1.46811,0.72549,522,0.248571,0.722222,0.248294,0.917637
conj1,9,21,1,1,0.941306,1.68498,0.74,51,1.01434,1.6988,0.745098,549,0.261429,0.76867,0.269038,1.36126
conj1,10,21,0,0,0.367525,1.00084,0.66,51,0.421996,0.915994,0.686275,525,0.25,0.700952,0.177754,0.617514
conj1,10,21,0,1,0.285438,1.31954,0.57,51,0.193284,1.29413,0.509804,546,0.26,0.509158,0.422757,0.644505
conj1,10,21,1,0,0.598913,1.4811,0.68,49,0.659882,1.56087,0.693878,496,0.23619,0.705645,0.343368,0.977824
conj1,10,21,1,1,0.516826,1.59667,0.63,49,0.730404,1.52596,0.693878,533,0.25381,0.692308,0.342888,1.11614
conj1,11,21,0,0,0.321112,1.05002,0.61,46,0.492182,1.16641,0.695652,474,0.225714,0.719409,0.198256,0.747371
conj1,11,21,0,1,0.417943,1.44096,0.59,46,0.421455,1.67141,0.543478,492,0.234286,0.520325,0.494749,0.834732
conj1,11,21,1,0,0.475816,1.4483,0.6,54,0.422854,1.3463,0.555556,567,0.27,0.553792,0.368628,0.764407
conj1,11,21,1,1,0.572648,1.80493,0.57,54,0.662422,1.55951,0.592593,567,0.27,0.590829,0.325052,0.985833
conj1,12,21,0,0,0.425181,0.966734,0.66,57,0.540399,0.928071,0.684211,600,0.285714,0.693333,0.155796,0.693489
conj1,12,21,0,1,0.646192,1.36117,0.69,57,0.733084,1.29453,0.736842,597,0.284286,0.758794,0.179006,0.960257
conj1,12,21,1,0,0.64813,1.43535,0.66,43,0.445581,1.15937,0.651163,447,0.212857,0.651007,0.258803,0.715844
conj1,12,21,1,1,0.869142,1.77448,0.67,43,0.704142,1.48792,0.674419,456,0.217143,0.655702,0.332079,1.01541
conj1,13,21,0,0,0.348112,0.922933,0.6,47,0.412706,1.06111,0.659574,503,0.239524,0.673956,0.233766,0.666272
conj1,13,21,0,1,0.679458,1.46776,0.68,47,0.753019,1.50062,0.680851,484,0.230476,0.663223,0.330133,1.08483
conj1,13,21,1,0,0.518518,1.35975,0.67,53,0.529072,1.17895,0.698113,587,0.279524,0.712095,0.231725,0.829691
conj1,13,21,1,1,0.849864,1.79477,0.7,53,0.852466,1.65631,0.716981,526,0.250476,0.707224,0.311483,1.08129
conj1,14,21,0,0,0.476339,0.956607,0.69,43,0.711143,0.946452,0.790698,461,0.219524,0.815618,0.11814,0.869234
conj1,14,21,0,1,0.489236,1.40925,0.62,43,0.634497,1.36326,0.581395,442,0.210476,0.565611,0.237362,0.851921
conj1,14,21,1,0,0.667289,1.32994,0.66,57,0.423363,1.3023,0.561404,584,0.278095,0.558219,0.360968,0.729839
conj1,14,21,1,1,0.680185,1.69283,0.64,57,0.503808,1.67402,0.631579,613,0.291905,0.641109,0.413883,0.971969
conj1,15,21,0,0,0.570252,0.917883,0.73,52,0.54643,0.826796,0.730769,546,0.26,0.727106,0.110081,0.640074
conj1,15,21,0,1,0.643183,1.3264,0.69,52,0.603152,1.22295,0.673077,546,0.26,0.664835,0.277632,0.881575
conj1,15,21,1,0,1.03087,1.2874,0.78,48,1.01004,1.28635,0.8125,518,0.246667,0.80888,0.201784,1.22436
conj1,15,21,1,1,1.10381,1.56473,0.77,48,1.10053,1.60968,0.770833,490,0.233333,0.77551,0.280879,1.37594
conj1,16,21,0,0,0.334049,1.05633,0.59,56,0.332878,1.02446,0.625,556,0.264762,0.643885,0.260365,0.624835
conj1,16,21,0,1,0.515709,1.32733,0.62,56,0.499922,1.33146,0.607143,620,0.295238,0.6,0.302946,0.802209
conj1,16,21,1,0,0.522043,1.36337,0.62,44,0.390715,1.45367,0.545455,456,0.217143,0.565789,0.409848,0.813092
conj1,16,21,1,1,0.703702,1.58296,0.71,44,0.590976,1.59069,0.727273,468,0.222857,0.717949,0.399488,0.901001
conj1,17,21,0,0,0.505667,1.07197,0.65,49,0.624323,0.902788,0.77551,520,0.247619,0.788462,0.0994436,0.701773
conj1,17,21,0,1,0.681883,1.56576,0.67,49,1.01271,1.45145,0.77551,509,0.242381,0.785855,0.225207,1.26823
conj1,17,21,1,0,0.677745,1.41322,0.7,51,0.562059,1.57433,0.627451,570,0.271429,0.603509,0.417797,0.927502
conj1,17,21,1,1,0.853961,1.78696,0.7,51,0.534423,1.90623,0.607843,501,0.238571,0.642715,0.467132,1.12373
conj1,18,21,0,0,0.305383,1.04225,0.65,49,0.544621,1.0597,0.734694,527,0.250952,0.728653,0.191466,0.746705
conj1,18,21,0,1,0.512699,1.5373,0.66,49,0.776692,1.51084,0.714286,502,0.239048,0.721116,0.319197,1.07333
conj1,18,21,1,0,0.433313,1.46503,0.64,51,0.116906,1.3556,0.568627,534,0.254286,0.567416,0.461714,0.590557
conj1,18,21,1,1,0.640628,1.76276,0.61,51,0.300437,1.72528,0.568627,537,0.255714,0.582868,0.550512,0.854395
conj1,19,21,0,0,0.360339,0.87117,0.65,40,0.204014,0.815308,0.65,408,0.194286,0.622549,0.268741,0.409142
conj1,19,21,0,1,0.597741,1.25397,0.69,40,0.339877,1.38014,0.575,432,0.205714,0.597222,0.395915,0.837232
conj1,19,21,1,0,0.565051,1.43971,0.67,60,0.621687,1.432,0.7,641,0.305238,0.702028,0.328761,0.957286
conj1,19,21,1,1,0.802453,1.81142,0.66,60,0.926782,1.63162,0.683333,619,0.294762,0.689822,0.324072,1.29161
conj1,0,31,0,0,0.441761,0.857288,0.67,50,0.418255,0.792239,0.68,795,0.256452,0.67044,0.173831,0.584691
conj1,0,31,0,1,0.604578,1.28575,0.66,50,0.579144,1.28083,0.64,755,0.243548,0.638411,0.28765,0.883902
conj1,0,31,1,0,0.459082,1.34106,0.63,50,0.557449,1.46764,0.64,751,0.242258,0.640479,0.350657,0.92393
conj1,0,31,1,1,0.6219,1.6866,0.63,50,0.722194,1.76555,0.66,799,0.257742,0.64831,0.427972,1.10877
conj1,1,31,0,0,0.449142,1.04781,0.64,49,0.481674,1.06635,0.734694,792,0.255484,0.733586,0.202229,0.694599
conj1,1,31,0,1,0.606215,1.43585,0.64,49,0.677671,1.38085,0.673469,727,0.234516,0.671252,0.305313,0.95436
conj1,1,31,1,0,0.561913,1.35398,0.69,51,0.507614,1.23325,0.666667,817,0.263548,0.659731,0.268347,0.7684
conj1,1,31,1,1,0.718985,1.71004,0.69,51,0.627288,1.71729,0.666667,764,0.246452,0.675393,0.358433,1.02853
conj1,2,31,0,0,0.350343,1.01108,0.62,46,0.397857,1.11913,0.608696,704,0.227097,0.598011,0.281353,0.660442
conj1,2,31,0,1,0.516196,1.40325,0.69,46,0.69999,1.34178,0.782609,722,0.232903,0.785319,0.262857,0.972905
conj1,2,31,1,0,0.579752,1.29865,0.68,54,0.602915,1.29362,0.666667,855,0.275806,0.68538,0.276708,0.89948
conj1,2,31,1,1,0.745605,1.69479,0.67,54,0.652677,1.78163,0.648148,819,0.264194,0.634921,0.409071,1.00432
conj1,3,31,0,0,0.472525,0.964488,0.72,51,0.645581,0.951012,0.803922,790,0.254839,0.81519,0.116406,0.767677
conj1,3,31,0,1,0.645149,1.46406,0.64,51,0.821339,1.54499,0.647059,791,0.255161,0.635904,0.283946,1.09816
conj1,3,31,1,0,0.741074,1.39964,0.65,49,0.634115,1.47306,0.591837,773,0.249355,0.575679,0.336749,0.914091
conj1,3,31,1,1,0.913698,1.78652,0.64,49,0.803479,1.66888,0.612245,746,0.240645,0.642091,0.271006,1.20319
conj1,4,31,0,0,0.328499,0.965991,0.61,51,0.35453,1.03088,0.627451,792,0.255484,0.638889,0.283214,0.644583
conj1,4,31,0,1,0.731537,1.39849,0.69,51,0.963525,1.34531,0.745098,789,0.254516,0.754119,0.209747,1.17581
conj1,4,31,1,0,0.301006,1.27434,0.62,49,0.0990807,1.16292,0.55102,770,0.248387,0.537662,0.428614,0.50754
conj1,4,31,1,1,0.704044,1.5125,0.66,49,0.287755,1.49027,0.55102,749,0.241613,0.555407,0.448475,0.753099
conj1,5,31,0,0,0.439726,0.899031,0.67,54,0.531389,0.914885,0.740741,831,0.268065,0.720818,0.189711,0.675677
conj1,5,31,0,1,0.774244,1.41762,0.73,54,0.889547,1.49218,0.722222,843,0.271935,0.740214,0.201653,1.14118
conj1,5,31,1,0,0.600153,1.47513,0.71,46,0.578224,1.52391,0.695652,723,0.233226,0.659751,0.41455,0.874816
conj1,5,31,1,1,0.934671,1.85973,0.71,46,0.884991,1.84918,0.673913,703,0.226774,0.697013,0.374373,1.36727
conj1,6,31,0,0,0.430805,0.968376,0.67,56,0.437931,1.01677,0.625,860,0.277419,0.637209,0.177031,0.621337
conj1,6,31,0,1,0.669395,1.38481,0.69,56,0.699098,1.50575,0.678571,876,0.282581,0.655251,0.303351,0.994728
conj1,6,31,1,0,0.670769,1.6314,0.68,44,0.738366,1.69036,0.681818,711,0.229355,0.680731,0.402148,1.12711
conj1,6,31,1,1,0.909359,1.82844,0.66,44,0.94822,1.7951,0.681818,653,0.210645,0.687596,0.34736,1.29604
conj1,7,31,0,0,0.548692,0.930852,0.75,45,0.528772,0.949912,0.733333,715,0.230645,0.734266,0.175286,0.691718
conj1,7,31,0,1,0.756367,1.4194,0.73,45,0.775031,1.42275,0.711111,680,0.219355,0.725,0.26817,1.08055
conj1,7,31,1,0,0.745877,1.4147,0.69,55,0.633727,1.312,0.672727,810,0.26129,0.650617,0.302017,0.899644
conj1,7,31,1,1,0.953552,1.81577,0.75,55,0.809833,1.77143,0.709091,895,0.28871,0.719553,0.397322,1.26355
conj1,8,31,0,0,0.485973,1.06031,0.68,52,0.401481,1.15447,0.634615,786,0.253548,0.651399,0.243062,0.723263
conj1,8,31,0,1,0.806683,1.37955,0.75,52,0.718686,1.47114,0.730769,826,0.266452,0.715496,0.33182,0.976516
conj1,8,31,1,0,0.591024,1.51922,0.65,48,0.773142,1.25659,0.666667,736,0.237419,0.680707,0.228945,1.03655
conj1,8,31,1,1,0.911734,1.80635,0.71,48,1.09765,1.6172,0.729167,752,0.242581,0.736702,0.254481,1.3225
conj1,9,31,0,0,0.327695,0.908136,0.67,54,0.304921,1.01544,0.648148,848,0.273548,0.628538,0.31814,0.572908
conj1,9,31,0,1,0.712174,1.2856,0.7,54,0.703286,1.40003,0.685185,826,0.266452,0.700969,0.246242,1.02834
conj1,9,31,1,0,0.404062,1.29726,0.63,46,0.383282,1.16453,0.673913,691,0.222903,0.685962,0.263531,0.669568
conj1,9,31,1,1,0.788541,1.60033,0.71,46,0.751461,1.49883,0.717391,735,0.237097,0.704762,0.284042,1.01847
conj1,10,31,0,0,0.304346,0.977312,0.68,47,0.291733,0.961598,0.638298,735,0.237097,0.644898,0.249494,0.520594
conj1,10,31,0,1,0.587123,1.50822,0.61,47,0.744784,1.4647,0.638298,722,0.232903,0.65097,0.266377,1.04185
conj1,10,31,1,0,0.521721,1.48252,0.67,53,0.356621,1.51984,0.622642,847,0.273226,0.617473,0.486523,0.858615
conj1,10,31,1,1,0.804498,1.88866,0.67,53,0.4884,1.95405,0.603774,796,0.256774,0.611809,0.544551,1.05919
conj1,11,31,0,0,0.352104,1.12511,0.64,56,0.271363,1.17806,0.607143,843,0.271935,0.597865,0.358992,0.600947
conj1,11,31,0,1,0.629676,1.43287,0.65,56,0.612034,1.46318,0.625,893,0.288065,0.643897,0.341765,1.01227
conj1,11,31,1,0,0.521293,1.41056,0.7,44,0.840939,1.3431,0.840909,654,0.210968,0.859327,0.149231,1.09129
conj1,11,31,1,1,0.798865,1.75562,0.69,44,1.0382,1.63805,0.772727,710,0.229032,0.757746,0.243925,1.17739
conj1,12,31,0,0,0.25853,0.826,0.6,49,0.22922,0.701724,0.571429,727,0.234516,0.557084,0.183541,0.407857
conj1,12,31,0,1,0.433725,1.29826,0.62,49,0.48205,1.2882,0.612245,792,0.255484,0.611111,0.243344,0.743846
conj1,12,31,1,0,0.418036,1.25991,0.59,51,0.446663,1.46422,0.607843,766,0.247097,0.592689,0.415989,0.837508
conj1,12,31,1,1,0.593231,1.58415,0.7,51,0.547267,1.65425,0.745098,815,0.262903,0.752147,0.435539,0.97682
conj1,13,31,0,0,0.642245,0.906857,0.73,45,0.672661,0.956398,0.755556,684,0.220645,0.760234,0.16916,0.862586
conj1,13,31,0,1,0.71007,1.33704,0.71,45,0.732291,1.36516,0.711111,711,0.229355,0.710267,0.286711,1.0126
conj1,13,31,1,0,0.967544,1.32085,0.78,55,0.933438,1.39291,0.745455,868,0.28,0.741935,0.186447,1.09376
conj1,13,31,1,1,1.03537,1.64775,0.66,55,1.00797,1.72123,0.672727,837,0.27,0.665472,0.299197,1.31779
conj1,14,31,0,0,0.205196,0.93853,0.59,50,0.147154,0.909398,0.58,789,0.254516,0.583016,0.309431,0.456987
conj1,14,31,0,1,0.357686,1.34272,0.59,50,0.406688,1.40273,0.6,761,0.245484,0.605782,0.383702,0.809459
conj1,14,31,1,0,0.360656,1.35109,0.67,50,0.410958,1.39838,0.7,791,0.255161,0.709229,0.386777,0.818281
conj1,14,31,1,1,0.513146,1.67149,0.64,50,0.456404,1.58783,0.66,759,0.244839,0.662714,0.440458,0.887269
conj1,15,31,0,0,0.384141,1.02603,0.63,52,0.506823,1.03805,0.711538,761,0.245484,0.70565,0.197417,0.687871
conj1,15,31,0,1,0.598208,1.39837,0.64,52,0.689011,1.38726,0.634615,851,0.274516,0.643948,0.30107,1.03094
conj1,15,31,1,0,0.532081,1.45016,0.61,48,0.399838,1.48106,0.541667,724,0.233548,0.527624,0.421224,0.821332
conj1,15,31,1,1,0.746149,1.70483,0.67,48,0.648441,1.7198,0.666667,764,0.246452,0.685864,0.370765,1.07067
conj1,16,31,0,0,0.609326,0.983442,0.73,51,0.843673,0.946716,0.803922,775,0.25,0.803871,0.100216,0.965361
conj1,16,31,0,1,0.711309,1.53753,0.68,51,1.00183,1.44173,0.745098,806,0.26,0.74938,0.231016,1.24475
conj1,16,31,1,0,0.865903,1.49843,0.74,49,0.460948,1.37101,0.673469,753,0.242903,0.670651,0.327659,0.768601
conj1,16,31,1,1,0.967886,1.98175,0.69,49,0.504467,1.82521,0.632653,766,0.247097,0.630548,0.505146,1.01549
conj1,17,31,0,0,0.428279,1.03526,0.61,56,0.416414,1.04641,0.642857,833,0.26871,0.633854,0.283975,0.677764
conj1,17,31,0,1,0.617521,1.4317,0.7,56,0.726272,1.51532,0.732143,903,0.29129,0.734219,0.355625,1.08435
conj1,17,31,1,0,0.795337,1.43355,0.71,44,0.856565,1.35827,0.681818,716,0.230968,0.680168,0.194829,1.04765
conj1,17,31,1,1,0.984579,1.76511,0.71,44,0.892296,1.5535,0.727273,648,0.209032,0.716049,0.244298,1.11634
conj1,18,31,0,0,0.394776,1.02147,0.65,45,0.365104,1.04727,0.577778,699,0.225484,0.589413,0.231168,0.630447
conj1,18,31,0,1,0.410163,1.58347,0.57,45,0.412445,1.81063,0.555556,696,0.224516,0.545977,0.581061,0.915941
conj1,18,31,1,0,0.625583,1.54245,0.69,55,0.665434,1.56438,0.709091,852,0.274839,0.707746,0.393922,1.01983
conj1,18,31,1,1,0.64097,1.97622,0.61,55,0.654677,1.75519,0.581818,853,0.275161,0.573271,0.394945,1.06156
conj1,19,31,0,0,0.236934,0.996831,0.61,55,0.30659,1.05142,0.654545,863,0.278387,0.65701,0.275196,0.566168
conj1,19,31,0,1,0.327135,1.34458,0.59,55,0.490773,1.33261,0.636364,842,0.271613,0.62114,0.342319,0.830128
conj1,19,31,1,0,0.311714,1.55692,0.57,45,0.151502,1.43181,0.533333,709,0.22871,0.528914,0.477353,0.630141
conj1,19,31,1,1,0.401914,1.85643,0.57,45,0.126835,1.81118,0.533333,686,0.22129,0.555394,0.635273,0.792952
conj1,0,41,0,0,0.459223,1.05909,0.68,62,0.514778,1.02726,0.709677,1286,0.313659,0.721617,0.227491,0.774802
conj1,0,41,0,1,0.734754,1.39735,0.67,62,0.716098,1.39496,0.66129,1256,0.306341,0.650478,0.288716,0.970898
conj1,0,41,1,0,0.63862,1.41273,0.67,38,0.586886,1.40433,0.684211,806,0.196585,0.699752,0.327084,0.950199
conj1,0,41,1,1,0.914151,1.6702,0.71,38,0.9835,1.60081,0.710526,752,0.183415,0.711436,0.267084,1.21653
conj1,1,41,0,0,0.431731,1.19951,0.67,49,0.548121,1.24736,0.693878,971,0.236829,0.679712,0.226389,0.78865
conj1,1,41,0,1,0.80243,1.61601,0.68,49,0.957852,1.57254,0.734694,1038,0.253171,0.736994,0.158815,1.0977
conj1,1,41,1,0,0.52832,1.53508,0.64,51,0.447198,1.68511,0.647059,1042,0.254146,0.639155,0.472173,0.915384
conj1,1,41,1,1,0.899019,1.87614,0.68,51,0.780396,2.02419,0.627451,1049,0.255854,0.631077,0.453822,1.21047
conj1,2,41,0,0,0.479774,1.05805,0.68,49,0.521358,1.06406,0.693878,977,0.238293,0.698055,0.195148,0.732586
conj1,2,41,0,1,0.691481,1.35874,0.71,49,0.768081,1.3285,0.755102,1032,0.251707,0.752907,0.252136,1.00062
conj1,2,41,1,0,0.694033,1.24207,0.71,51,0.739431,1.09021,0.745098,1036,0.252683,0.742278,0.15566,0.885018
conj1,2,41,1,1,0.90574,1.50444,0.76,51,0.917495,1.38478,0.764706,1055,0.257317,0.763981,0.21368,1.11064
conj1,3,41,0,0,0.511113,1.03161,0.68,50,0.610934,1.05156,0.66,1039,0.253415,0.669875,0.182514,0.835694
conj1,3,41,0,1,0.509079,1.31757,0.65,50,0.556887,1.45127,0.62,1011,0.246585,0.608309,0.346315,0.869636
conj1,3,41,1,0,0.957136,1.53338,0.72,50,1.01889,1.5533,0.72,1009,0.246098,0.720515,0.197819,1.21413
conj1,3,41,1,1,0.955102,1.73272,0.71,50,1.06887,1.61592,0.78,1041,0.253902,0.782901,0.233842,1.32613
conj1,4,41,0,0,0.477325,1.11642,0.69,46,0.251529,0.992443,0.652174,937,0.228537,0.660619,0.259679,0.513602
conj1,4,41,0,1,0.625215,1.47644,0.68,46,0.449453,1.4621,0.608696,949,0.231463,0.616438,0.373342,0.839728
conj1,4,41,1,0,0.691189,1.41087,0.68,54,0.8289,1.55493,0.666667,1100,0.268293,0.663636,0.305797,1.11253
conj1,4,41,1,1,0.839079,1.79206,0.65,54,0.934169,1.91396,0.611111,1114,0.271707,0.612208,0.389488,1.32456
conj1,5,41,0,0,0.385244,0.933734,0.69,55,0.271386,1.02635,0.618182,1145,0.279268,0.626201,0.272675,0.586428
conj1,5,41,0,1,0.537502,1.36538,0.7,55,0.33707,1.46238,0.654545,1110,0.270732,0.648649,0.447272,0.748288
conj1,5,41,1,0,0.597401,1.44033,0.65,45,0.573386,1.33594,0.622222,914,0.222927,0.630197,0.279173,0.852678
conj1,5,41,1,1,0.749659,1.69264,0.7,45,0.831456,1.59751,0.711111,931,0.227073,0.706767,0.310668,1.14878
conj1,6,41,0,0,0.475177,0.968022,0.68,43,0.427435,0.92523,0.674419,881,0.214878,0.646992,0.203381,0.588851
conj1,6,41,0,1,0.535534,1.47257,0.65,43,0.553131,1.49554,0.55814,882,0.215122,0.560091,0.351701,0.939443
conj1,6,41,1,0,0.66315,1.38813,0.64,57,0.660563,1.4748,0.614035,1158,0.282439,0.632124,0.307509,0.994464
conj1,6,41,1,1,0.723507,1.78363,0.7,57,0.671629,1.85278,0.701754,1179,0.287561,0.696353,0.44016,1.07977
conj1,7,41,0,0,0.402621,1.01969,0.63,43,0.423826,0.99422,0.651163,892,0.217561,0.662556,0.201036,0.613368
conj1,7,41,0,1,0.501427,1.51409,0.71,43,0.521938,1.35843,0.744186,871,0.212439,0.738232,0.329737,0.82508
conj1,7,41,1,0,0.631309,1.42229,0.62,57,0.581186,1.37992,0.614035,1204,0.293659,0.61794,0.269482,0.885031
conj1,7,41,1,1,0.730115,1.68746,0.68,57,0.680516,1.6819,0.649123,1133,0.276341,0.634598,0.409033,1.05048
conj1,8,41,0,0,0.529302,0.929777,0.7,49,0.549633,0.977085,0.734694,998,0.243415,0.733467,0.154232,0.702917
conj1,8,41,0,1,0.637763,1.30395,0.67,49,0.7346,1.41926,0.653061,1011,0.246585,0.647873,0.258123,0.998165
conj1,8,41,1,0,0.694678,1.36551,0.7,51,0.733358,1.32194,0.686275,1049,0.255854,0.679695,0.207762,0.910124
conj1,8,41,1,1,0.803138,1.69855,0.68,51,0.768312,1.67369,0.705882,1042,0.254146,0.715931,0.274174,1.11771
conj1,9,41,0,0,0.473378,0.999491,0.68,59,0.379696,1.05631,0.610169,1212,0.29561,0.599835,0.279215,0.629637
conj1,9,41,0,1,0.438532,1.40246,0.62,59,0.292507,1.51293,0.559322,1207,0.29439,0.565037,0.450189,0.75324
conj1,9,41,1,0,0.744079,1.3049,0.69,41,0.880211,1.21546,0.756098,858,0.209268,0.75641,0.180303,1.05585
conj1,9,41,1,1,0.709233,1.68676,0.66,41,0.920688,1.4539,0.731707,823,0.200732,0.742406,0.221917,1.16192
conj1,10,41,0,0,0.538816,0.978869,0.72,51,0.419352,0.889297,0.686275,1053,0.256829,0.677113,0.184762,0.607235
conj1,10,41,0,1,0.665604,1.49242,0.65,51,0.588571,1.54102,0.607843,1038,0.253171,0.606936,0.342474,0.909674
conj1,10,41,1,0,1.01648,1.34758,0.77,49,1.14578,1.40703,0.795918,1008,0.245854,0.792659,0.180452,1.37582
conj1,10,41,1,1,1.14327,1.82166,0.72,49,1.22841,1.78557,0.693878,1001,0.244146,0.677323,0.258802,1.40483
conj1,11,41,0,0,0.416212,0.971412,0.68,45,0.33885,0.959185,0.622222,959,0.233902,0.612096,0.236435,0.568976
conj1,11,41,0,1,0.571598,1.25665,0.73,45,0.428148,1.25269,0.688889,886,0.216098,0.672686,0.321681,0.709724
conj1,11,41,1,0,0.631053,1.3021,0.67,55,0.677647,1.30499,0.709091,1112,0.27122,0.723022,0.241651,0.967554
conj1,11,41,1,1,0.786439,1.58631,0.71,55,0.887104,1.67476,0.745455,1143,0.27878,0.734033,0.297231,1.13228
conj1,12,41,0,0,0.486357,1.03522,0.72,54,0.477092,0.937476,0.703704,1105,0.269512,0.710407,0.170598,0.652268
conj1,12,41,0,1,0.701231,1.449,0.7,54,0.905918,1.17124,0.740741,1109,0.270488,0.743913,0.16408,1.07546
conj1,12,41,1,0,0.775947,1.38523,0.71,46,0.611886,1.58657,0.652174,958,0.233659,0.64405,0.372022,0.960735
conj1,12,41,1,1,0.990821,1.77968,0.74,46,0.575599,2.02823,0.652174,928,0.226341,0.661638,0.58111,1.2228
conj1,13,41,0,0,0.425333,1.13613,0.64,52,0.52867,1.21119,0.653846,1064,0.259512,0.657895,0.312811,0.813354
conj1,13,41,0,1,0.487136,1.49099,0.64,52,0.489233,1.39908,0.615385,1068,0.260488,0.626404,0.299843,0.845614
conj1,13,41,1,0,0.709004,1.51374,0.68,48,0.576012,1.42031,0.666667,979,0.23878,0.660878,0.323028,0.87893
conj1,13,41,1,1,0.770807,1.7901,0.67,48,0.74749,1.87479,0.645833,989,0.24122,0.647118,0.465259,1.22055
conj1,14,41,0,0,0.38382,1.05462,0.62,51,0.259636,1.13107,0.529412,1061,0.25878,0.540057,0.324992,0.621537
conj1,14,41,0,1,0.578373,1.42844,0.63,51,0.367756,1.50139,0.54902,1030,0.25122,0.540777,0.418501,0.749677
conj1,14,41,1,0,0.758256,1.3237,0.73,49,0.903514,1.31818,0.816327,1031,0.251463,0.813773,0.228957,1.13969
conj1,14,41,1,1,0.952809,1.63672,0.73,49,1.18803,1.55592,0.795918,978,0.238537,0.792434,0.247209,1.40091
conj1,15,41,0,0,0.503337,0.917849,0.71,43,0.660274,0.980112,0.813953,866,0.21122,0.830254,0.154705,0.86107
conj1,15,41,0,1,0.887848,1.56682,0.77,43,1.02323,1.45425,0.767442,897,0.21878,0.758082,0.22096,1.2018
conj1,15,41,1,0,0.73012,1.37697,0.72,57,0.531604,1.37266,0.684211,1174,0.286341,0.677172,0.353024,0.840885
conj1,15,41,1,1,1.11463,1.91339,0.76,57,0.932374,1.94281,0.754386,1163,0.283659,0.764402,0.389058,1.34855
conj1,16,41,0,0,0.290902,1.01759,0.65,42,0.18824,1.00774,0.571429,850,0.207317,0.572941,0.326991,0.537732
conj1,16,41,0,1,0.514488,1.33771,0.68,42,0.639955,1.41739,0.690476,872,0.212683,0.688073,0.286666,0.920335
conj1,16,41,1,0,0.582367,1.40999,0.68,58,0.753287,1.38723,0.706897,1186,0.289268,0.709949,0.277856,1.05359
conj1,16,41,1,1,0.805953,1.667,0.74,58,0.811676,1.60029,0.706897,1192,0.290732,0.690436,0.337637,1.11807
conj1,17,41,0,0,0.344901,0.963971,0.64,49,0.28765,0.955377,0.632653,999,0.243659,0.644645,0.282025,0.586685
conj1,17,41,0,1,0.653911,1.34931,0.7,49,0.610268,1.47421,0.653061,1010,0.246341,0.645545,0.369906,0.961534
conj1,17,41,1,0,0.668653,1.41807,0.67,51,0.671112,1.34664,0.686275,1045,0.254878,0.688038,0.259343,0.95598
conj1,17,41,1,1,0.977664,1.76911,0.74,51,0.96705,1.57967,0.784314,1046,0.255122,0.782027,0.273406,1.20516
conj1,18,41,0,0,0.406158,0.89661,0.64,54,0.373101,0.988434,0.62963,1123,0.273902,0.648264,0.235258,0.650347
conj1,18,41,0,1,0.553882,1.36712,0.62,54,0.574064,1.36704,0.611111,1091,0.266098,0.603116,0.290488,0.841412
conj1,18,41,1,0,0.491294,1.36056,0.65,46,0.589695,1.34395,0.652174,966,0.23561,0.653209,0.260592,0.866869
conj1,18,41,1,1,0.639019,1.63259,0.61,46,0.67492,1.69698,0.608696,920,0.22439,0.61413,0.378135,1.08061
conj1,19,41,0,0,0.301859,0.959418,0.63,49,0.262133,0.796093,0.673469,1017,0.248049,0.682399,0.201405,0.47504
conj1,19,41,0,1,0.621901,1.284,0.65,49,0.766753,1.15738,0.734694,992,0.241951,0.722782,0.167104,0.906555
conj1,19,41,1,0,0.617939,1.27725,0.68,51,0.498549,1.36902,0.607843,1045,0.254878,0.608612,0.316575,0.774758
conj1,19,41,1,1,0.93798,1.50381,0.69,51,0.64125,1.56976,0.607843,1046,0.255122,0.629063,0.283185,0.990418
conj1,0,51,0,0,0.375624,0.920964,0.66,57,0.418047,0.945946,0.649123,1486,0.291373,0.644011,0.2031,0.62124
conj1,0,51,0,1,0.683913,1.25071,0.71,57,0.831642,1.15649,0.736842,1421,0.278627,0.736101,0.16714,0.980609
conj1,0,51,1,0,0.661577,1.48429,0.67,43,0.746014,1.46919,0.627907,1058,0.207451,0.627599,0.284272,1.02934
conj1,0,51,1,1,0.969867,1.7022,0.73,43,0.914712,1.88574,0.651163,1135,0.222549,0.65815,0.382777,1.32003
conj1,1,51,0,0,0.222737,1.08092,0.57,48,0.220899,0.98598,0.625,1197,0.234706,0.630744,0.299522,0.498785
conj1,1,51,0,1,0.421014,1.58493,0.64,48,0.336823,1.4972,0.645833,1251,0.245294,0.636291,0.496495,0.824904
conj1,1,51,1,0,0.38355,1.34067,0.61,52,0.533199,1.38909,0.596154,1323,0.259412,0.598639,0.331894,0.860751
conj1,1,51,1,1,0.581827,1.74844,0.68,52,0.807493,1.80798,0.711538,1329,0.260588,0.721595,0.402743,1.2464
conj1,2,51,0,0,0.485389,1.01696,0.66,49,0.456643,0.982862,0.673469,1226,0.240392,0.692496,0.202654,0.679237
conj1,2,51,0,1,0.847416,1.26337,0.77,49,0.925827,1.13449,0.77551,1273,0.249608,0.745483,0.1836,1.03085
conj1,2,51,1,0,0.618175,1.40573,0.69,51,0.73146,1.29226,0.705882,1279,0.250784,0.707584,0.21064,0.922455
conj1,2,51,1,1,0.980202,1.53748,0.75,51,0.990532,1.46488,0.784314,1322,0.259216,0.790469,0.197971,1.2108
conj1,3,51,0,0,0.526415,0.885612,0.72,50,0.422679,0.950363,0.66,1292,0.253333,0.640093,0.247213,0.630648
conj1,3,51,0,1,0.695688,1.4265,0.74,50,0.503949,1.59995,0.64,1258,0.246667,0.645469,0.391913,0.961098
conj1,3,51,1,0,0.607375,1.23466,0.68,50,0.736015,1.29446,0.7,1270,0.24902,0.704724,0.223042,0.972818
conj1,3,51,1,1,0.776648,1.66368,0.67,50,0.993291,1.4984,0.72,1280,0.25098,0.728125,0.210812,1.19636
conj1,4,51,0,0,0.374764,1.01912,0.62,51,0.438927,0.939247,0.666667,1283,0.251569,0.664848,0.180407,0.609973
conj1,4,51,0,1,0.586155,1.48077,0.7,51,0.681849,1.38079,0.686275,1318,0.258431,0.688923,0.247546,0.942339
conj1,4,51,1,0,0.740854,1.31599,0.73,49,0.824672,1.40336,0.714286,1311,0.257059,0.704805,0.248163,1.06801
conj1,4,51,1,1,0.952244,1.70493,0.7,49,1.00324,1.86385,0.714286,1188,0.232941,0.713805,0.35695,1.32371
conj1,5,51,0,0,0.302346,1.13565,0.6,43,0.278376,1.17552,0.55814,1108,0.217255,0.574007,0.333726,0.633308
conj1,5,51,0,1,0.393835,1.42102,0.65,43,0.383219,1.59958,0.674419,1085,0.212745,0.676498,0.449899,0.843681
conj1,5,51,1,0,0.480863,1.69136,0.62,57,0.482805,1.55271,0.631579,1464,0.287059,0.614071,0.413942,0.858545
conj1,5,51,1,1,0.572351,2.02825,0.67,57,0.564219,1.83935,0.666667,1443,0.282941,0.671518,0.452869,1.06453
conj1,6,51,0,0,0.55639,0.891099,0.7,52,0.338836,0.865878,0.634615,1279,0.250784,0.627052,0.203811,0.538672
conj1,6,51,0,1,0.641454,1.4358,0.64,52,0.331856,1.33802,0.557692,1373,0.269216,0.563729,0.416639,0.75549
conj1,6,51,1,0,0.709681,1.31423,0.72,48,0.974934,1.28821,0.791667,1205,0.236275,0.8,0.172821,1.15089
conj1,6,51,1,1,0.794744,1.85396,0.71,48,1.15971,1.90845,0.75,1243,0.243725,0.742558,0.290631,1.4133
conj1,7,51,0,0,0.461654,1.07362,0.67,44,0.397989,1.00475,0.613636,1126,0.220784,0.619005,0.266426,0.661039
conj1,7,51,0,1,0.821018,1.49986,0.73,44,0.543704,1.55194,0.636364,1118,0.219216,0.641324,0.371677,0.962735
conj1,7,51,1,0,0.609003,1.36735,0.65,56,0.682991,1.47627,0.660714,1388,0.272157,0.672911,0.344682,1.07679
conj1,7,51,1,1,0.968366,1.72336,0.7,56,1.21022,1.72938,0.75,1468,0.287843,0.745913,0.29127,1.46032
conj1,8,51,0,0,0.360725,0.920994,0.66,51,0.415293,0.916648,0.705882,1290,0.252941,0.693798,0.216442,0.613645
conj1,8,51,0,1,0.612353,1.2439,0.73,51,0.794695,1.23868,0.823529,1311,0.257059,0.829901,0.177353,1.0274
conj1,8,51,1,0,0.687435,1.4024,0.64,49,0.603375,1.39356,0.612245,1249,0.244902,0.59968,0.288416,0.859807
conj1,8,51,1,1,0.939062,1.6647,0.71,49,0.722012,1.67563,0.632653,1250,0.245098,0.6472,0.337118,1.12808
conj1,9,51,0,0,0.593959,0.975003,0.73,42,0.340681,0.895102,0.619048,1057,0.207255,0.626301,0.187864,0.541301
conj1,9,51,0,1,1.00712,1.37747,0.73,42,0.685427,1.38477,0.642857,1085,0.212745,0.639631,0.26441,0.951112
conj1,9,51,1,0,0.652843,1.57644,0.61,58,0.822808,1.72516,0.637931,1454,0.285098,0.64099,0.32467,1.15818
conj1,9,51,1,1,1.066,1.79295,0.73,58,1.28551,1.87478,0.793103,1504,0.294902,0.793218,0.318141,1.58216
conj1,10,51,0,0,0.337059,0.94963,0.65,48,0.450765,0.903203,0.6875,1227,0.240588,0.674002,0.166057,0.611293
conj1,10,51,0,1,0.581648,1.47464,0.66,48,0.819861,1.49879,0.75,1221,0.239412,0.753481,0.287387,1.12248
conj1,10,51,1,0,0.543025,1.29706,0.67,52,0.442356,1.27841,0.634615,1326,0.26,0.64178,0.347588,0.795849
conj1,10,51,1,1,0.787614,1.75577,0.66,52,0.572016,1.60765,0.615385,1326,0.26,0.613876,0.402706,0.960862
conj1,11,51,0,0,0.495244,0.94311,0.71,52,0.400227,0.867944,0.673077,1362,0.267059,0.668135,0.220828,0.606252
conj1,11,51,0,1,0.743842,1.3652,0.71,52,0.621329,1.29352,0.673077,1290,0.252941,0.660465,0.274386,0.873167
conj1,11,51,1,0,0.726219,1.24315,0.71,48,0.756171,1.17379,0.729167,1189,0.233137,0.729184,0.166324,0.938596
conj1,11,51,1,1,0.974817,1.50755,0.71,48,1.03456,1.54337,0.729167,1259,0.246863,0.743447,0.257453,1.29174
conj1,12,51,0,0,0.449134,1.00068,0.63,47,0.464211,1.12396,0.595745,1196,0.23451,0.586957,0.223573,0.666371
conj1,12,51,0,1,0.625585,1.33854,0.67,47,0.594229,1.43163,0.638298,1201,0.23549,0.655287,0.320018,0.955275
conj1,12,51,1,0,0.757474,1.52888,0.64,53,0.847437,1.56583,0.698113,1362,0.267059,0.692364,0.268332,1.11908
conj1,12,51,1,1,0.933924,1.71415,0.72,53,1.06506,1.84578,0.735849,1341,0.262941,0.735272,0.266978,1.32707
conj1,13,51,0,0,0.51935,0.963444,0.66,57,0.572684,1.04549,0.684211,1433,0.28098,0.689463,0.181896,0.761548
conj1,13,51,0,1,0.776012,1.40065,0.65,57,0.894681,1.49317,0.684211,1474,0.28902,0.674355,0.296372,1.17182
conj1,13,51,1,0,0.660528,1.35657,0.7,43,0.565892,1.28108,0.697674,1109,0.217451,0.703336,0.312984,0.87757
conj1,13,51,1,1,0.917189,1.55353,0.72,43,0.735946,1.24157,0.674419,1084,0.212549,0.687269,0.193264,0.955212
conj1,14,51,0,0,0.427902,0.884597,0.71,56,0.404516,0.856984,0.714286,1418,0.278039,0.712271,0.154646,0.566601
conj1,14,51,0,1,0.5526,1.35213,0.67,56,0.658471,1.24789,0.642857,1438,0.281961,0.65299,0.216939,0.884875
conj1,14,51,1,0,0.595443,1.34302,0.65,44,0.674589,1.34056,0.681818,1109,0.217451,0.707845,0.2615,0.999826
conj1,14,51,1,1,0.720141,1.72894,0.67,44,0.634779,1.85346,0.659091,1135,0.222549,0.638767,0.514895,1.07087
conj1,15,51,0,0,0.337408,1.04,0.57,44,0.442217,1.0335,0.590909,1088,0.213333,0.589154,0.222921,0.684471
conj1,15,51,0,1,0.413962,1.53092,0.61,44,0.595407,1.57079,0.613636,1156,0.226667,0.620242,0.372745,0.937294
conj1,15,51,1,0,0.350209,1.31644,0.58,56,0.30289,1.30251,0.553571,1431,0.280588,0.53529,0.404001,0.67051
conj1,15,51,1,1,0.426762,1.73282,0.59,56,0.319229,1.72447,0.571429,1425,0.279412,0.585965,0.513305,0.8972
conj1,16,51,0,0,0.305798,1.06296,0.62,41,0.511832,1.12879,0.682927,1050,0.205882,0.681905,0.280075,0.789167
conj1,16,51,0,1,0.487099,1.38098,0.58,41,0.753463,1.436,0.658537,1041,0.204118,0.645533,0.267407,1.00028
conj1,16,51,1,0,0.439105,1.35479,0.64,59,0.22559,1.2165,0.59322,1534,0.300784,0.587353,0.387436,0.600821
conj1,16,51,1,1,0.620406,1.62155,0.59,59,0.364967,1.49782,0.542373,1475,0.289216,0.542373,0.451479,0.805694
conj1,17,51,0,0,0.359665,1.07756,0.68,57,0.345252,0.940151,0.701754,1426,0.279608,0.702665,0.222297,0.574151
conj1,17,51,0,1,0.660451,1.56501,0.69,57,0.62456,1.40317,0.684211,1481,0.290392,0.694801,0.319424,0.943278
conj1,17,51,1,0,0.540421,1.23916,0.7,43,0.64258,1.28987,0.744186,1065,0.208824,0.73615,0.276247,0.923987
conj1,17,51,1,1,0.841207,1.61944,0.7,43,0.971837,1.80951,0.767442,1128,0.221176,0.765957,0.310026,1.30135
conj1,18,51,0,0,0.519249,0.907421,0.7,53,0.401768,0.754523,0.660377,1352,0.265098,0.678254,0.127074,0.564008
conj1,18,51,0,1,0.830987,1.25073,0.75,53,0.758909,1.12079,0.716981,1351,0.264902,0.717246,0.143027,0.873532
conj1,18,51,1,0,0.770446,1.35886,0.7,47,1.04684,1.44271,0.765957,1193,0.233922,0.769489,0.272251,1.33535
conj1,18,51,1,1,1.08218,1.56852,0.74,47,1.30738,1.72456,0.765957,1204,0.236078,0.754983,0.293535,1.56642
conj1,19,51,0,0,0.417093,1.01845,0.71,50,0.370122,0.975963,0.68,1260,0.247059,0.679365,0.213753,0.582755
conj1,19,51,0,1,0.565906,1.38787,0.68,50,0.692446,1.45071,0.72,1290,0.252941,0.713953,0.329326,1.01224
conj1,19,51,1,0,0.560803,1.53009,0.66,50,0.689147,1.52113,0.7,1258,0.246667,0.706677,0.34373,1.064
conj1,19,51,1,1,0.709616,1.71863,0.71,50,0.66445,1.67056,0.68,1292,0.253333,0.674149,0.387595,1.03059
conj1,0,61,0,0,0.363258,0.878558,0.64,49,0.502099,0.936124,0.653061,1495,0.245082,0.654849,0.187211,0.691558
conj1,0,61,0,1,0.697279,1.19602,0.66,49,0.61761,1.30726,0.571429,1494,0.244918,0.568273,0.264157,0.889416
conj1,0,61,1,0,0.577535,1.38423,0.7,51,0.544142,1.26716,0.745098,1491,0.244426,0.740443,0.302634,0.828844
conj1,0,61,1,1,0.911556,1.57609,0.72,51,1.0881,1.49154,0.803922,1620,0.265574,0.801852,0.21588,1.31527
conj1,1,61,0,0,0.250947,0.8714,0.6,57,0.163262,0.945026,0.596491,1780,0.291803,0.575281,0.327611,0.458131
conj1,1,61,0,1,0.525468,1.31904,0.7,57,0.367741,1.32445,0.666667,1697,0.278197,0.676488,0.370874,0.762186
conj1,1,61,1,0,0.768146,1.34727,0.76,43,1.09888,1.1433,0.883721,1341,0.219836,0.893363,0.0704196,1.16953
conj1,1,61,1,1,1.04267,1.62217,0.77,43,1.46625,1.39801,0.860465,1282,0.210164,0.848674,0.104119,1.57322
conj1,2,61,0,0,0.286445,1.08872,0.6,54,0.319658,1.02449,0.611111,1695,0.277869,0.60826,0.275444,0.594247
conj1,2,61,0,1,0.58368,1.24474,0.75,54,0.667664,1.03578,0.814815,1599,0.262131,0.81551,0.164641,0.830574
conj1,2,61,1,0,0.485386,1.63606,0.65,46,0.391838,1.73398,0.673913,1416,0.232131,0.681497,0.553621,0.957247
conj1,2,61,1,1,0.78262,1.75404,0.7,46,0.629472,1.89664,0.73913,1390,0.227869,0.735971,0.52174,1.11804
conj1,3,61,0,0,0.393814,1.12397,0.66,53,0.577715,1.15358,0.754717,1634,0.267869,0.74235,0.235128,0.780029
conj1,3,61,0,1,0.661453,1.53234,0.68,53,0.941945,1.65241,0.660377,1599,0.262131,0.661038,0.302802,1.266
conj1,3,61,1,0,0.453017,1.53911,0.6,47,0.273846,1.56514,0.595745,1475,0.241803,0.589153,0.556745,0.790796
conj1,3,61,1,1,0.720656,1.74767,0.64,47,0.432562,1.62433,0.574468,1392,0.228197,0.575431,0.410459,0.88278
conj1,4,61,0,0,0.340255,1.07117,0.59,57,0.36293,0.960338,0.631579,1737,0.284754,0.635003,0.217399,0.581176
conj1,4,61,0,1,0.509583,1.38701,0.59,57,0.532185,1.32333,0.631579,1740,0.285246,0.643678,0.328453,0.885719
conj1,4,61,1,0,0.639292,1.31956,0.63,43,0.578755,1.45532,0.604651,1304,0.21377,0.602761,0.35993,0.925832
conj1,4,61,1,1,0.808621,1.57246,0.67,43,0.74818,1.54166,0.604651,1319,0.21623,0.599697,0.313535,1.06242
conj1,5,61,0,0,0.472436,1.07183,0.71,41,0.317123,1.20187,0.658537,1278,0.209508,0.654147,0.3515,0.662895
conj1,5,61,0,1,0.704884,1.41488,0.69,41,0.540197,1.47749,0.658537,1223,0.200492,0.667212,0.333585,0.862171
conj1,5,61,1,0,0.620354,1.46358,0.64,59,0.768253,1.35085,0.694915,1782,0.292131,0.693042,0.203057,0.983178
conj1,5,61,1,1,0.852802,1.7492,0.69,59,1.00721,1.68671,0.745763,1817,0.297869,0.744634,0.240501,1.23722
conj1,6,61,0,0,0.586402,1.08955,0.74,59,0.627828,1.10712,0.79661,1808,0.296393,0.809735,0.192414,0.852701
conj1,6,61,0,1,0.976686,1.47384,0.72,59,1.10495,1.44758,0.728814,1791,0.293607,0.71971,0.208547,1.27919
conj1,6,61,1,0,1.01712,1.5693,0.76,41,0.972112,1.51364,0.731707,1257,0.206066,0.731106,0.241046,1.21036
conj1,6,61,1,1,1.4074,1.85332,0.76,41,1.23744,1.85021,0.731707,1244,0.203934,0.721865,0.293996,1.52178
conj1,7,61,0,0,0.395641,1.01883,0.67,48,0.271217,1.04527,0.604167,1489,0.244098,0.613163,0.295845,0.586642
conj1,7,61,0,1,0.480555,1.50178,0.63,48,0.34943,1.49394,0.625,1439,0.235902,0.621265,0.447042,0.781223
conj1,7,61,1,0,0.5